<?xml version="1.0" encoding="UTF-8"?>
<beans xmlns="http://www.springframework.org/schema/beans"
	xmlns:xsi="http://www.w3.org/2001/XMLSchema-instance"
	xmlns:context="http://www.springframework.org/schema/context"
	xmlns:mybatis-spring="http://mybatis.org/schema/mybatis-spring"
	xmlns:jdbc="http://www.springframework.org/schema/jdbc"
	xsi:schemaLocation="http://www.springframework.org/schema/jdbc http://www.springframework.org/schema/jdbc/spring-jdbc-4.3.xsd
		http://mybatis.org/schema/mybatis-spring http://mybatis.org/schema/mybatis-spring-1.2.xsd
		http://www.springframework.org/schema/beans https://www.springframework.org/schema/beans/spring-beans.xsd
		http://www.springframework.org/schema/context http://www.springframework.org/schema/context/spring-context-4.3.xsd">
	
	<!-- Root Context: defines shared resources visible to all other web components -->
	<!-- 오라클 접속 -->
    <!--<bean class="org.springframework.jdbc.datasource.DriverManagerDataSource" id="dataSource">
        <property name="driverClassName" value="net.sf.log4jdbc.sql.jdbcapi.DriverSpy"/>
        <property name="url" value="jdbc:log4jdbc:oracle:thin:@localhost:1521/orcl"/>
        <property name="username" value="system"/>
        <property name="password" value="1234"/>
    </bean> -->
    
     <!-- MySQL dataSource -->
    <bean id="dataSource"
        class="org.springframework.jdbc.datasource.DriverManagerDataSource">
        <property name="driverClassName" value="com.mysql.cj.jdbc.Driver"></property>
        <property name="url"
            value="jdbc:mysql://127.0.0.1:3306/mypage?useSSL=false&amp;serverTimezone=UTC">
        </property>
        <property name="username" value="root"></property>
        <property name="password" value="1234"></property>
    </bean>
   
    <!-- Mybatis 연동 -->
    <bean id="sqlSessionFactory" class="org.mybatis.spring.SqlSessionFactoryBean">
         <property name="dataSource" ref="dataSource"></property>
          <!-- mybatis-config.xml이 스프링 시작될때 같이 실행되도록 설정하기  -->
         <property name="configLocation" value="classpath:/mybatis-config.xml"></property>
         <!-- XML mapper를 인식하게 설정 -->
         <property name="mapperLocations" value="classpath:mappers/**/*Mapper.xml"/>
    </bean>
    
    <!-- SQLSessionTemplate설정하기 DAO인터페이스를 만들었기때문에 Mybatis에서 DAO인터페이스를 구현하기위해서 필요한작업 -->
    <bean id="sqlSession" class="org.mybatis.spring.SqlSessionTemplate" destroy-method="clearCache">
        <constructor-arg name="sqlSessionFactory" ref="sqlSessionFactory"></constructor-arg>
    </bean>
    
     <!-- scan -->
    <context:component-scan base-package="kr.co.service"></context:component-scan>
    <context:component-scan base-package="kr.co.dao"></context:component-scan>
    <context:component-scan base-package="kr.co.vo"></context:component-scan>
</beans>
